"[0.0, 1.0e6]","[0.0, 1.0e6]","[0.0, 1.0e6]","[0.0, 1.0e6]","[0.0, 1.0e6]"
"[0.0, 1.0e6]","[0.0, 1.0e6]","[0.0, 1.0e6]","[0.0, 1.0e6]","[0.0, 1.0e6]"
"[0.0, 1.0e6]","[0.0, 1.0e6]","[0.0, 1.0e6]","[0.0, 1.0e6]","[0.0, 1.0e6]"
"[0.0, 1.0e6]","[0.0, 1.0e6]","[0.0, 1.0e6]","[0.0, 1.0e6]","[0.0, 1.0e6]"
"[0.0, 1.0e6]","[0.0, 1.0e6]","[0.0, 1.0e6]","[0.0, 1.0e6]","[0.0, 1.0e6]"
"[0.0, 1.0e6]","[0.0, 1.0e6]","[0.0, 1.0e6]","[0.0, 1.0e6]","[0.0, 1.0e6]"
"[0.0, 1.0e6]","[0.0, 1.0e6]","[0.0, 1.0e6]","[0.0, 1.0e6]","[0.0, 1.0e6]"
"[0.0, 1.0e6]","[0.0, 1.0e6]","[0.0, 1.0e6]","[0.0, 1.0e6]","[0.0, 1.0e6]"
"[0.0, 1.0e6]","[0.0, 1.0e6]","[0.0, 1.0e6]","[0.0, 1.0e6]","[0.0, 1.0e6]"
"[0.0, 1.0e6]","[0.0, 1.0e6]","[0.0, 1.0e6]","[0.0, 1.0e6]","[0.0, 1.0e6]"
"[0.0, 1.0e6]","[0.0, 1.0e6]","[0.0, 1.0e6]","[0.0, 1.0e6]","[0.0, 1.0e6]"
"[0.0, 1.0e6]","[0.0, 1.0e6]","[0.0, 1.0e6]","[0.0, 1.0e6]","[0.0, 1.0e6]"
"[0.0, 1.0e6]","[0.0, 1.0e6]","[0.0, 1.0e6]","[0.0, 1.0e6]","[0.0, 1.0e6]"
"[0.0, 1.0e6]","[0.0, 1.0e6]","[0.0, 1.0e6]","[0.0, 1.0e6]","[0.0, 1.0e6]"
"[0.0, 1.0e6]","[0.0, 1.0e6]","[0.0, 1.0e6]","[0.0, 1.0e6]","[0.0, 1.0e6]"
"[0.0, 1.0e6]","[0.0, 1.0e6]","[0.0, 1.0e6]","[0.0, 1.0e6]","[0.0, 1.0e6]"
"[0.0, 1.0e6]","[0.0, 1.0e6]","[0.0, 1.0e6]","[0.0, 1.0e6]","[0.0, 1.0e6]"
"[0.0, 1.0e6]","[0.0, 1.0e6]","[0.0, 1.0e6]","[0.0, 1.0e6]","[0.0, 1.0e6]"
"[0.0, 1.0e6]","[0.0, 1.0e6]","[0.0, 1.0e6]","[0.0, 1.0e6]","[0.0, 1.0e6]"
"[0.0, 1.0e6]","[0.0, 1.0e6]","[0.0, 1.0e6]","[0.0, 1.0e6]","[0.0, 1.0e6]"
"[0.0, 1.0e6]","[0.0, 1.0e6]","[0.0, 1.0e6]","[0.0, 1.0e6]","[0.0, 1.0e6]"
"[0.0, 1.0e6]","[0.0, 1.0e6]","[0.0, 1.0e6]","[0.0, 1.0e6]","[0.0, 1.0e6]"
"[0.0, 1.0e6]","[0.0, 1.0e6]","[0.0, 1.0e6]","[0.0, 1.0e6]","[0.0, 1.0e6]"
"[0.0, 1.0e6]","[0.0, 1.0e6]","[0.0, 1.0e6]","[0.0, 1.0e6]","[0.0, 1.0e6]"
"[0.0, 1.0e6]","[0.0, 1.0e6]","[0.0, 1.0e6]","[0.0, 1.0e6]","[0.0, 1.0e6]"
